SegmentId,RouteId,Volume,AvgSpeed,StdSpeed,CoefOfVarSpeed,AvgOccupancy,StdOccupancy,CoefOfVarOccupancy,Miles,SegmentType,WeavingType,Volume_UP,AvgSpeed_UP,StdSpeed_UP,CoefOfVarSpeed_UP,AvgOccupancy_UP,StdOccupancy_UP,CoefOfVarOccupancy_UP,Volume_DOWN,AvgSpeed_DOWN,StdSpeed_DOWN,CoefOfVarSpeed_DOWN,AvgOccupancy_DOWN,StdOccupancy_DOWN,CoefOfVarOccupancy_DOWN,On_Ramp_Volume,Off_Ramp_Volume,AZ,CA,CO,CT,FL,GA,IL,KS,MD,MI,MO,OR,TX,VA,WA,DC,WI,WY,State,crash_year,TotalCrashes,OCrashes,KABCCrashes
I_25_S_101,I_25_S,15821.24498,38.91073156,16.19670152,0.448409274,16.68240891,4.020062798,0.24010141,0.284260657,4,1,15821.24498,38.91073156,16.19670152,0.448409274,16.68240891,4.020062798,0.24010141,32246.96491,42.2206834,13.30689025,0.344666604,18.43609335,4.521634884,0.244226871,1870,1800,0,0,1,0,0,0,0,0,0,0,0,0,0,0,0,0,0,0,CO,1,6,5,1
I_25_S_103,I_25_S,32246.96491,42.2206834,13.30689025,0.344666604,18.43609335,4.521634884,0.244226871,0.218959165,4,1,15821.24498,38.91073156,16.19670152,0.448409274,16.68240891,4.020062798,0.24010141,48672.68485,45.53063523,10.41707897,0.240923935,20.18977778,5.02320697,0.248352331,1870,1800,0,0,1,0,0,0,0,0,0,0,0,0,0,0,0,0,0,0,CO,1,0,0,0
I_25_S_105,I_25_S,48672.68485,45.53063523,10.41707897,0.240923935,20.18977778,5.02320697,0.248352331,0.287169851,4,1,48672.68485,45.53063523,10.41707897,0.240923935,20.18977778,5.02320697,0.248352331,48672.68485,45.53063523,10.41707897,0.240923935,20.18977778,5.02320697,0.248352331,2380,1980,0,0,1,0,0,0,0,0,0,0,0,0,0,0,0,0,0,0,CO,1,7,6,1
I_25_N_46,I_25_N,10454.28571,71.43476367,1.664650766,0.023950209,8.657361378,1.25479418,0.147089708,0.284092959,4,1,10454.28571,71.43476367,1.664650766,0.023950209,8.657361378,1.25479418,0.147089708,10454.28571,71.43476367,1.664650766,0.023950209,8.657361378,1.25479418,0.147089708,221,1566,0,0,1,0,0,0,0,0,0,0,0,0,0,0,0,0,0,0,CO,1,2,0,2
I_25_N_79,I_25_N,21149.155,59.98101083,7.569300581,0.145409986,13.80485299,3.782364027,0.243899038,0.350135573,4,1,21407.58213,57.90235073,8.806930868,0.170480034,15.71038617,4.393868105,0.260735537,23481.40362,55.54349508,7.248041406,0.144173618,15.69868947,3.358755927,0.206804248,816,1620,0,0,1,0,0,0,0,0,0,0,0,0,0,0,0,0,0,0,CO,1,3,2,1
I_25_N_88,I_25_N,14016.08465,41.0598798,16.79113562,0.473132519,16.9662672,4.89131374,0.279717768,0.284166637,4,1,15821.24498,38.91073156,16.19670152,0.448409274,16.68240891,4.020062798,0.24010141,12210.92432,43.20902804,17.38556972,0.497855764,17.25012549,5.762564681,0.319334126,1292,1098,0,0,1,0,0,0,0,0,0,0,0,0,0,0,0,0,0,0,CO,1,4,4,0
I_25_N_104,I_25_N,22942.14,53.93838683,5.995067593,0.115210507,18.09177582,3.463709107,0.194567987,0.276957379,4,1,22942.14,53.93838683,5.995067593,0.115210507,18.09177582,3.463709107,0.194567987,22942.14,53.93838683,5.995067593,0.115210507,18.09177582,3.463709107,0.194567987,1275,2340,0,0,1,0,0,0,0,0,0,0,0,0,0,0,0,0,0,0,CO,1,1,1,0
I_70_W_15,I_70_W,9739.787879,63.61635673,1.875896642,0.029841853,9.218650879,1.015931211,0.110803554,0.125563541,4,1,9739.787879,63.61635673,1.875896642,0.029841853,9.218650879,1.015931211,0.110803554,9739.787879,63.61635673,1.875896642,0.029841853,9.218650879,1.015931211,0.110803554,1870,630,0,0,1,0,0,0,0,0,0,0,0,0,0,0,0,0,0,0,CO,1,0,0,0
I_70_W_25,I_70_W,13892.01695,44.84985435,10.89419036,0.274427317,18.81189498,3.977678109,0.208698013,0.205086344,4,1,13892.01695,44.84985435,10.89419036,0.274427317,18.81189498,3.977678109,0.208698013,13892.01695,44.84985435,10.89419036,0.274427317,18.81189498,3.977678109,0.208698013,3060,1530,0,0,1,0,0,0,0,0,0,0,0,0,0,0,0,0,0,0,CO,1,1,1,0
I_70_W_41,I_70_W,14807.0812,45.56047462,5.447564442,0.127268398,19.83402053,3.193579236,0.158847602,0.284044709,4,1,14807.0812,45.56047462,5.447564442,0.127268398,19.83402053,3.193579236,0.158847602,14807.0812,45.56047462,5.447564442,0.127268398,19.83402053,3.193579236,0.158847602,1326,918,0,0,1,0,0,0,0,0,0,0,0,0,0,0,0,0,0,0,CO,1,5,5,0
I_70_W_93,I_70_W,4350.411255,75.76039588,1.285604307,0.017404113,3.360920367,0.81571353,0.235951286,0.258174097,4,1,4350.411255,75.76039588,1.285604307,0.017404113,3.360920367,0.81571353,0.235951286,4350.411255,75.76039588,1.285604307,0.017404113,3.360920367,0.81571353,0.235951286,3060,4320,0,0,1,0,0,0,0,0,0,0,0,0,0,0,0,0,0,0,CO,1,1,1,0
I_70_W_95,I_70_W,4350.411255,75.76039588,1.285604307,0.017404113,3.360920367,0.81571353,0.235951286,0.166685133,4,1,4350.411255,75.76039588,1.285604307,0.017404113,3.360920367,0.81571353,0.235951286,4350.411255,75.76039588,1.285604307,0.017404113,3.360920367,0.81571353,0.235951286,3060,4320,0,0,1,0,0,0,0,0,0,0,0,0,0,0,0,0,0,0,CO,1,0,0,0
I_70_E_146,I_70_E,7655.601307,67.39450139,1.271743974,0.019222196,6.680517522,1.173574811,0.177372431,0.284074497,4,1,7655.601307,67.39450139,1.271743974,0.019222196,6.680517522,1.173574811,0.177372431,7655.601307,67.39450139,1.271743974,0.019222196,6.680517522,1.173574811,0.177372431,2210,720,0,0,1,0,0,0,0,0,0,0,0,0,0,0,0,0,0,0,CO,1,0,0,0
I_70_E_170,I_70_E,7776.105932,67.8938111,5.947096828,0.097156657,7.284635919,2.024170447,0.252703288,0.289805794,4,1,7776.105932,67.8938111,5.947096828,0.097156657,7.284635919,2.024170447,0.252703288,7776.105932,67.8938111,5.947096828,0.097156657,7.284635919,2.024170447,0.252703288,2210,702,0,0,1,0,0,0,0,0,0,0,0,0,0,0,0,0,0,0,CO,1,0,0,0
I_70_E_192,I_70_E,14807.0812,45.56047462,5.447564442,0.127268398,19.83402053,3.193579236,0.158847602,0.268077619,4,1,14807.0812,45.56047462,5.447564442,0.127268398,19.83402053,3.193579236,0.158847602,13772.93961,50.10462021,4.974942071,0.10829539,17.16242685,3.076975677,0.173041664,867,1782,0,0,1,0,0,0,0,0,0,0,0,0,0,0,0,0,0,0,CO,1,1,1,0
I_70_E_213,I_70_E,9739.787879,63.61635673,1.875896642,0.029841853,9.218650879,1.015931211,0.110803554,0.11945568,4,1,9739.787879,63.61635673,1.875896642,0.029841853,9.218650879,1.015931211,0.110803554,9739.787879,63.61635673,1.875896642,0.029841853,9.218650879,1.015931211,0.110803554,697,1800,0,0,1,0,0,0,0,0,0,0,0,0,0,0,0,0,0,0,CO,1,0,0,0
I_4_E_19,I_4_E,8971.781275,67.85078474,1.602183262,0.023733448,5.552733162,0.772276181,0.140626752,0.284060511,4,1,9056.175419,65.65932772,1.623103039,0.024827263,5.751604284,0.806197199,0.141319379,7819.421034,70.13850784,1.827597469,0.026157063,5.533595965,0.754181583,0.137852651,595,900,0,0,0,0,1,0,0,0,0,0,0,0,0,0,0,0,0,0,FL,4,4,3,1
I_4_E_243,I_4_E,12838.10469,48.35299444,11.75008636,0.290335082,13.88414445,6.480061841,0.430183668,0.25545527,4,1,12838.10469,48.35299444,11.75008636,0.290335082,13.88414445,6.480061841,0.430183668,9436.863271,45.07257434,11.42392727,0.276544275,14.2444465,7.39485342,0.498082534,697,4140,0,0,0,0,1,0,0,0,0,0,0,0,0,0,0,0,0,0,FL,4,22,18,4
I_10_W_21,I_10_W,6057.167749,60.06714745,1.643047836,0.027300416,4.682364391,0.742492329,0.159105693,0.243681547,4,1,6057.167749,60.06714745,1.643047836,0.027300416,4.682364391,0.742492329,0.159105693,2708.572527,66.53801509,2.836266717,0.042966065,2.049886509,0.376299728,0.185380708,1207,3600,0,0,0,0,1,0,0,0,0,0,0,0,0,0,0,0,0,0,FL,4,1,0,1
I_10_W_23,I_10_W,2708.572527,66.53801509,2.836266717,0.042966065,2.049886509,0.376299728,0.185380708,0.168435083,4,1,4382.870138,63.30258127,2.239657276,0.03513324,3.36612545,0.559396028,0.1722432,2997.577075,65.05792911,2.553552814,0.039465855,2.597316806,0.457532027,0.179140081,1207,3600,0,0,0,0,1,0,0,0,0,0,0,0,0,0,0,0,0,0,FL,4,0,0,0
I_75_S_403,I_75_S,12680.44647,54.91464706,12.29231017,0.254724942,8.368477042,4.041795872,0.424630884,0.320479842,4,1,11845.68581,57.96446163,12.94402984,0.259458812,9.296389565,4.638817281,0.431704677,13515.20712,51.86483248,11.64059049,0.249991072,7.440564519,3.444774462,0.417557092,2890,756,0,0,0,0,1,0,0,0,0,0,0,0,0,0,0,0,0,0,FL,4,12,10,2
I_75_S_405,I_75_S,13515.20712,51.86483248,11.64059049,0.249991072,7.440564519,3.444774462,0.417557092,0.114628013,4,1,13515.20712,51.86483248,11.64059049,0.249991072,7.440564519,3.444774462,0.417557092,12002.91786,47.83151051,12.22076016,0.299182496,8.55435386,4.262314291,0.454203064,2890,756,0,0,0,0,1,0,0,0,0,0,0,0,0,0,0,0,0,0,FL,4,0,0,0
I_75_S_841,I_75_S,1881.472318,65.19246353,6.061570771,0.096785755,1.883886348,0.477950004,0.257320064,0.284043326,4,1,1138.787944,61.55452379,7.481142005,0.124071154,1.519493386,0.39244132,0.261422454,2730.699444,67.85235019,4.761866625,0.072734329,2.223477662,0.557931973,0.253696435,629,234,0,0,0,0,1,0,0,0,0,0,0,0,0,0,0,0,0,0,FL,4,2,1,1
I_95_N_33,I_95_N,19889.13986,60.87228677,3.126494003,0.056010546,7.573227377,2.024347563,0.249408915,0.410307949,4,1,19080.0901,63.98871629,3.162280256,0.054928537,7.652678111,2.082863016,0.253024202,19373.7615,62.53232033,3.427041738,0.059306245,7.236977488,2.075202297,0.262938629,646,1728,0,0,0,0,1,0,0,0,0,0,0,0,0,0,0,0,0,0,FL,4,6,6,0
I_95_N_48,I_95_N,17291.84423,62.55871518,4.178216186,0.07566119,8.934065908,2.581581679,0.255069032,0.2311117,4,1,18399.91388,65.74789411,3.98977935,0.066262133,7.145321252,2.039467825,0.260271463,17799.49926,63.45328843,4.194048522,0.074709739,8.760570465,2.5446866,0.255519198,2210,1584,0,0,0,0,1,0,0,0,0,0,0,0,0,0,0,0,0,0,FL,4,3,2,1
I_95_N_80,I_95_N,21195.18817,64.02294868,5.352217335,0.089789625,7.188239028,2.242445191,0.276767444,0.284054648,4,1,19774.3653,62.61049404,5.021299128,0.087161052,7.166853975,2.153802425,0.266205682,20346.88954,64.5438018,5.482803767,0.092076089,7.919711308,2.519842156,0.278979032,3570,2160,0,0,0,0,1,0,0,0,0,0,0,0,0,0,0,0,0,0,FL,4,2,1,1
I_95_N_98,I_95_N,25760.88052,33.71643037,3.453358236,0.102912338,6.203053225,1.786411373,0.259374879,0.258812539,4,1,24647.34177,33.40982283,3.428519488,0.10427036,6.672163237,1.844617269,0.251906028,14191.41702,43.31225558,3.735434957,0.090919738,6.822533288,2.024433255,0.272123901,2720,2790,0,0,0,0,1,0,0,0,0,0,0,0,0,0,0,0,0,0,FL,4,20,18,2
I_95_N_100,I_95_N,14191.41702,43.31225558,3.735434957,0.090919738,6.822533288,2.024433255,0.272123901,0.171472609,4,1,25760.88052,33.71643037,3.453358236,0.102912338,6.203053225,1.786411373,0.259374879,10523.17665,44.05180191,4.187989363,0.103779979,7.817264768,2.33757885,0.279326034,2720,2790,0,0,0,0,1,0,0,0,0,0,0,0,0,0,0,0,0,0,FL,4,19,14,5
I_95_N_851,I_95_N,9184.520966,68.65005114,2.284900213,0.034364621,8.075425397,1.058766164,0.128742707,0.284074248,4,1,7713.492546,71.78189905,3.147020224,0.044305405,5.908417494,0.830254638,0.149816109,9184.520966,68.65005114,2.284900213,0.034364621,8.075425397,1.058766164,0.128742707,833,1422,0,0,0,0,1,0,0,0,0,0,0,0,0,0,0,0,0,0,FL,4,13,9,4
I_95_S_67,I_95_S,10270.65572,63.12301816,3.981262303,0.068092551,7.894491889,1.736036935,0.203796835,0.386585005,4,1,10270.65572,63.12301816,3.981262303,0.068092551,7.894491889,1.736036935,0.203796835,9445.933768,54.54545983,3.623594184,0.071601039,6.154865398,1.460245363,0.229818484,1241,378,0,0,0,0,1,0,0,0,0,0,0,0,0,0,0,0,0,0,FL,4,16,11,5
I_95_S_78,I_95_S,13661.37596,47.99846414,7.503121699,0.175340325,15.18360169,4.389123853,0.267894361,0.427413601,4,1,15230.35301,44.15765718,8.477075001,0.213355283,17.0822583,5.700680093,0.314463096,12840.93096,57.06529632,4.905738746,0.096953732,11.48039506,2.566339187,0.210436093,1479,2340,0,0,0,0,1,0,0,0,0,0,0,0,0,0,0,0,0,0,FL,4,14,13,1
I_95_S_790,I_95_S,18903.12499,56.57849852,11.53898387,0.248538008,17.60751145,6.880459829,0.359525959,0.281313437,4,1,17703.06196,57.05105033,12.63626819,0.283069536,15.00469935,6.567938121,0.384345291,19431.50584,57.05313145,10.93950182,0.227653031,18.42977917,6.788623333,0.342251342,2720,2880,0,0,0,0,1,0,0,0,0,0,0,0,0,0,0,0,0,0,FL,4,6,6,0
I_95_S_792,I_95_S,19431.50584,57.05313145,10.93950182,0.227653031,18.42977917,6.788623333,0.342251342,0.130503579,4,1,19431.50584,57.05313145,10.93950182,0.227653031,18.42977917,6.788623333,0.342251342,19158.85648,57.19293348,9.169326723,0.182677859,15.55390842,4.670397208,0.26782205,2720,2880,0,0,0,0,1,0,0,0,0,0,0,0,0,0,0,0,0,0,FL,4,3,3,0
I_95_S_846,I_95_S,19965.82576,63.60696906,5.858145023,0.099406607,7.576415574,2.312199417,0.283452836,0.202154839,4,1,19364.06508,67.26927125,5.306790766,0.085766507,7.124342631,1.97252746,0.254152429,18789.84414,63.44578922,6.141353089,0.107521678,7.858862407,2.511752094,0.284962197,1785,3960,0,0,0,0,1,0,0,0,0,0,0,0,0,0,0,0,0,0,FL,4,14,13,1
I_95_S_874,I_95_S,22039.16387,55.02998457,8.71742157,0.179146212,12.21034906,4.213696472,0.310344192,0.231458474,4,1,21610.70694,56.91678812,7.97220608,0.15632022,11.97338827,4.12500369,0.307231798,21975.6291,53.99384937,9.898444687,0.208218149,14.07900658,5.0117581,0.321828019,1666,1800,0,0,0,0,1,0,0,0,0,0,0,0,0,0,0,0,0,0,FL,4,7,7,0
I_95_S_891,I_95_S,24333.00173,45.62902413,8.542199048,0.207172894,15.33574456,4.403075702,0.277649543,0.424413519,4,1,24113.4113,50.3231503,8.446364553,0.185444517,15.73553663,4.7061879,0.283919162,24685.29658,48.64543144,8.376044801,0.18979168,15.97383978,4.348100871,0.26535612,1870,648,0,0,0,0,1,0,0,0,0,0,0,0,0,0,0,0,0,0,FL,4,29,23,6
I_275_N_105,I_275_N,11923.04711,64.69901679,1.543820888,0.024663831,6.996547585,1.353133898,0.189467786,0.284082867,4,1,9787.056175,64.97289673,1.519805145,0.023888355,6.34868055,1.362444955,0.214669056,11101.25692,61.28471002,1.806307422,0.030728477,5.852329657,1.144244948,0.192200311,1139,1890,0,0,0,0,1,0,0,0,0,0,0,0,0,0,0,0,0,0,FL,4,1,0,1
I_275_S_43,I_275_S,12966.90287,51.11626019,6.083007293,0.123315727,9.859731054,2.565221511,0.245943887,0.284233194,4,1,12162.2362,51.63479099,4.316674786,0.088486864,8.10059223,1.514681144,0.183637322,11509.22329,52.6068697,7.298808339,0.143967493,12.62546741,3.387169,0.260117617,1700,918,0,0,0,0,1,0,0,0,0,0,0,0,0,0,0,0,0,0,FL,4,10,8,2
I_295_I_147,I_295_I,4055.468764,59.94728313,4.539201807,0.082915699,3.872698324,0.912344883,0.26229112,0.430266127,4,1,6427.742996,56.03692699,6.636306812,0.125886336,6.753473438,1.846983346,0.278767166,4550.974614,65.29336702,3.132885728,0.050515473,4.805162346,1.082611962,0.222495166,1955,2790,0,0,0,0,1,0,0,0,0,0,0,0,0,0,0,0,0,0,FL,4,4,1,3
I_295_I_151,I_295_I,7811.069458,48.90052405,4.648372763,0.279125315,6.113035289,1.706336605,0.470441032,0.430978609,4,1,5065.461972,53.03260545,3.953687996,0.216153068,5.323038748,1.355553164,0.395167528,9752.415992,70.67618051,3.104235775,0.049494778,5.721847831,1.414947268,0.239126505,1105,1566,0,0,0,0,1,0,0,0,0,0,0,0,0,0,0,0,0,0,FL,4,26,19,7
I_295_O_22,I_295_O,4204.854167,69.17464202,3.538548668,0.053067338,2.963035216,0.765690812,0.254246771,0.284276021,4,1,5279.958874,69.98433793,3.299232536,0.049753263,4.061374344,1.051805919,0.249378755,3759.617944,68.40635574,3.890505556,0.059131237,2.461011305,0.642399418,0.250241226,527,1512,0,0,0,0,1,0,0,0,0,0,0,0,0,0,0,0,0,0,FL,4,3,1,2
I_295_O_48,I_295_O,5750.919794,58.21410958,4.30713301,0.077418703,6.24546995,1.649455591,0.255007957,0.284058546,4,1,7385.733985,61.76654443,4.463358474,0.075277344,9.829941183,2.687419705,0.267656078,5233.5133,57.02147981,3.486584608,0.064079997,3.591677889,0.753721276,0.220305395,4420,1710,0,0,0,0,1,0,0,0,0,0,0,0,0,0,0,0,0,0,FL,4,0,0,0
SR_528_W_82,SR_528_W,904.218448,48.92836444,2.051470283,0.043592749,1.477776611,0.515659472,0.44314415,0.467193706,4,1,123.025641,40.41228879,2.168919521,0.053666072,0.849579749,0.525446477,0.637879261,2366.268085,56.85557081,2.022264421,0.035308737,2.731810612,0.606260593,0.226979163,408,1620,0,0,0,0,1,0,0,0,0,0,0,0,0,0,0,0,0,0,FL,4,5,3,2
SR_417_S_129,SR_417_S,6147.82622,72.85461295,1.336466348,0.018396727,4.727821749,1.420615066,0.301463395,0.424665603,4,1,6629.841244,73.58664437,1.512481733,0.020641772,6.021999966,1.858402465,0.307474072,6028.365062,72.50496497,1.334134874,0.01845211,5.584261926,1.626951932,0.292091248,1105,936,0,0,0,0,1,0,0,0,0,0,0,0,0,0,0,0,0,0,FL,4,0,0,0
SR_408_W_31,SR_408_W,17380.45858,63.32042006,4.924331993,0.083235193,9.706985845,3.025241059,0.301827552,0.28423121,4,1,17145.92012,61.44333053,5.255664105,0.090911081,11.15201468,3.64630953,0.313278781,21142.66168,57.91415563,4.638824684,0.084169211,9.893869769,3.546883841,0.337109514,1139,108,0,0,0,0,1,0,0,0,0,0,0,0,0,0,0,0,0,0,FL,4,9,5,4
SR_408_W_43,SR_408_W,18418.61708,54.14185372,9.72750652,0.191041927,14.14696316,5.76248784,0.389658798,0.338198932,4,1,18581.51479,54.5296342,9.021142679,0.174605625,15.39448613,5.725953825,0.357631721,16678.63332,50.63665825,11.89379097,0.255066825,15.6605072,7.431851762,0.452008648,1326,2160,0,0,0,0,1,0,0,0,0,0,0,0,0,0,0,0,0,0,FL,4,33,25,8
SR_408_W_56,SR_408_W,7266.555193,62.4193423,1.187571071,0.019069254,6.078142617,1.746815132,0.289455471,0.249511057,4,1,7799.131343,62.87275528,1.25657821,0.020008835,6.529593916,1.832908905,0.282901692,6767.144745,64.18627195,1.196888015,0.01885606,5.608170082,1.675813425,0.296897079,272,882,0,0,0,0,1,0,0,0,0,0,0,0,0,0,0,0,0,0,FL,4,0,0,0
I_70_E_50,I_70_E,1369.387029,56.59766656,6.494133601,0.153663837,0.028667857,0.097717321,4.677783586,0.135789463,4,1,1369.387029,56.59766656,6.494133601,0.153663837,0.028667857,0.097717321,4.677783586,1728.866109,58.74169655,5.086908439,0.113073331,0.050850982,0.162398062,4.044925427,695.3,63.9,0,0,0,0,0,0,0,1,0,0,0,0,0,0,0,0,0,0,KS,1,0,0,0
I_435_S_9,I_435_S,2192.70318,72.09507785,3.33575486,0.049273712,1.043833081,0.306270147,0.87876701,0.468648622,4,1,2192.70318,72.09507785,3.33575486,0.049273712,1.043833081,0.306270147,0.87876701,2927.370629,60.69122294,2.842908823,0.048723466,1.028052561,0.220704356,0.368047546,566.1,52.2,0,0,0,0,0,0,0,1,0,0,0,0,0,0,0,0,0,0,KS,1,3,2,1
I_435_S_12,I_435_S,2927.370629,60.69122294,2.842908823,0.048723466,1.028052561,0.220704356,0.368047546,0.322497951,4,1,2927.370629,60.69122294,2.842908823,0.048723466,1.028052561,0.220704356,0.368047546,2927.370629,60.69122294,2.842908823,0.048723466,1.028052561,0.220704356,0.368047546,229.5,337.5,0,0,0,0,0,0,0,1,0,0,0,0,0,0,0,0,0,0,KS,1,1,1,0
I_435_S_14,I_435_S,2927.370629,60.69122294,2.842908823,0.048723466,1.028052561,0.220704356,0.368047546,0.11002532,4,1,2927.370629,60.69122294,2.842908823,0.048723466,1.028052561,0.220704356,0.368047546,2927.370629,60.69122294,2.842908823,0.048723466,1.028052561,0.220704356,0.368047546,229.5,337.5,0,0,0,0,0,0,0,1,0,0,0,0,0,0,0,0,0,0,KS,1,0,0,0
I_435_S_16,I_435_S,1244.401674,73.25466971,2.208161211,0.031694617,0.025965481,0.061939148,3.219431778,0.27721116,4,1,2927.370629,60.69122294,2.842908823,0.048723466,1.028052561,0.220704356,0.368047546,1244.401674,73.25466971,2.208161211,0.031694617,0.025965481,0.061939148,3.219431778,1070.15,437.4,0,0,0,0,0,0,0,1,0,0,0,0,0,0,0,0,0,0,KS,1,0,0,0
I_435_S_50,I_435_S,1734.559441,57.24649666,10.04988649,0.194510015,0.617046838,0.33976156,1.195218624,0.168218022,4,1,1734.559441,57.24649666,10.04988649,0.194510015,0.617046838,0.33976156,1.195218624,1734.559441,57.24649666,10.04988649,0.194510015,0.617046838,0.33976156,1.195218624,649.4,596.7,0,0,0,0,0,0,0,1,0,0,0,0,0,0,0,0,0,0,KS,1,0,0,0
I_35_S_14,I_35_S,4196.421486,54.87589989,6.297342875,0.138124188,4.566548744,2.471943809,0.442283499,0.15092368,4,1,3622.954861,48.50287013,9.061249822,0.212659594,6.653317854,4.225945294,0.570116604,4769.888112,61.24892964,3.533435928,0.063588781,2.479779634,0.717942324,0.314450395,2340.9,805.5,0,0,0,0,0,0,0,1,0,0,0,0,0,0,0,0,0,0,KS,1,0,0,0
I_35_S_29,I_35_S,1342.74477,46.90488547,14.62514775,0.356537434,0.002701816,0.0152802,5.892536158,0.273544733,4,1,1284.309623,47.84013798,13.12785111,0.324997867,0.002496347,0.014810042,5.972026594,1401.179916,45.96963297,16.1224444,0.388077002,0.002907286,0.015750358,5.813045721,1341.3,1700.1,0,0,0,0,0,0,0,1,0,0,0,0,0,0,0,0,0,0,KS,1,2,2,0
I_35_S_31,I_35_S,1344.357741,41.70111775,13.95777524,0.364498374,0.002861626,0.016239056,5.885542806,0.281213245,4,1,1401.179916,45.96963297,16.1224444,0.388077002,0.002907286,0.015750358,5.813045721,1287.535565,37.43260252,11.79310609,0.340919746,0.002815966,0.016727755,5.958039892,2651.15,813.6,0,0,0,0,0,0,0,1,0,0,0,0,0,0,0,0,0,0,KS,1,0,0,0
I_35_N_77,I_35_N,1508.518828,59.91813684,6.465234332,0.127875119,0.006798748,0.040574286,5.979019946,0.275701564,4,1,1675.937238,67.48524941,6.226519149,0.110053777,0.01133609,0.067652866,5.979019946,1341.100418,52.35102427,6.703949515,0.145696461,0.002261407,0.013495706,5.979019946,722.5,2669.4,0,0,0,0,0,0,0,1,0,0,0,0,0,0,0,0,0,0,KS,1,1,1,0
I_35_N_79,I_35_N,1476.035565,54.08534905,8.191762836,0.170085351,0.002657012,0.015814686,5.975422631,0.389871338,4,1,1341.100418,52.35102427,6.703949515,0.145696461,0.002261407,0.013495706,5.979019946,1610.970711,55.81967382,9.679576156,0.194474241,0.003052616,0.018133665,5.971825316,1504.5,1385.1,0,0,0,0,0,0,0,1,0,0,0,0,0,0,0,0,0,0,KS,1,3,3,0
I_35_N_82,I_35_N,2462.439331,54.70885941,9.825018303,0.199746335,0.002992404,0.017801331,5.981250424,0.451960428,4,1,1610.970711,55.81967382,9.679576156,0.194474241,0.003052616,0.018133665,5.971825316,2456.525105,52.86044915,10.46162906,0.218385846,0.00304136,0.01812338,5.986945744,885.7,365.4,0,0,0,0,0,0,0,1,0,0,0,0,0,0,0,0,0,0,KS,1,2,2,0
I_35_N_105,I_35_N,1259.736402,65.87109905,3.68702274,0.063097526,0.001493215,0.00889575,5.972026594,0.284237552,4,1,1259.736402,65.87109905,3.68702274,0.063097526,0.001493215,0.00889575,5.972026594,1016.274059,52.07613378,3.711861744,0.082768372,0.000746607,0.004447875,5.972026594,744.6,1948.5,0,0,0,0,0,0,0,1,0,0,0,0,0,0,0,0,0,0,KS,1,2,2,0
I_196_SW_40,I_196_SW,2350.611111,61.11298854,2.21E-16,4.81E-18,3.277777778,0,0,0.167041543,4,1,2350.611111,61.11298854,2.21E-16,4.81E-18,3.277777778,0,0,2437.85101,45.09101745,3.392479542,0.152807392,3.858592773,1.673608882,0.420513008,2092.19,1969.74,0,0,0,0,0,0,0,0,0,1,0,0,0,0,0,0,0,0,MI,2,1,1,0
I_696_EB_23,I_696_EB,9184.82967,63.6687114,3.036078057,0.051703923,30.15094561,4.408058525,0.173599977,0.269406839,4,1,1044.191111,37.31480921,3.341121764,0.099104403,3.56492954,1.360285544,0.454214066,9184.82967,63.6687114,3.036078057,0.051703923,30.15094561,4.408058525,0.173599977,729.81,1086.66,0,0,0,0,0,0,0,0,0,1,0,0,0,0,0,0,0,0,MI,2,0,0,0
I_696_EB_32,I_696_EB,8409.37751,73.847662,5.778196025,0.085718087,36.73007733,10.75605739,0.28740039,0.286312724,4,1,8409.37751,73.847662,5.778196025,0.085718087,36.73007733,10.75605739,0.28740039,8409.37751,73.847662,5.778196025,0.085718087,36.73007733,10.75605739,0.28740039,1209.38,1182.42,0,0,0,0,0,0,0,0,0,1,0,0,0,0,0,0,0,0,MI,2,0,0,0
I_696_EB_39,I_696_EB,7844.453947,63.98581809,5.745512725,0.09960223,37.92374785,10.26993305,0.244288232,0.284528817,4,1,7844.453947,63.98581809,5.745512725,0.09960223,37.92374785,10.26993305,0.244288232,3189.901961,48.83443322,1.770795574,0.037111521,13.27197855,2.407317962,0.201673235,2691.78,1080.54,0,0,0,0,0,0,0,0,0,1,0,0,0,0,0,0,0,0,MI,2,23,17,6
I_696_EB_41,I_696_EB,3189.901961,48.83443322,1.770795574,0.037111521,13.27197855,2.407317962,0.201673235,0.284137558,4,1,3189.901961,48.83443322,1.770795574,0.037111521,13.27197855,2.407317962,0.201673235,3189.901961,48.83443322,1.770795574,0.037111521,13.27197855,2.407317962,0.201673235,586.5,5370.3,0,0,0,0,0,0,0,0,0,1,0,0,0,0,0,0,0,0,MI,2,8,7,1
I_696_WB_17,I_696_WB,10625,69.70118918,0.908839435,0.013350207,42.32458848,0.80970604,0.018024993,0.287529976,4,1,10625,69.70118918,0.908839435,0.013350207,42.32458848,0.80970604,0.018024993,10625,69.70118918,0.908839435,0.013350207,42.32458848,0.80970604,0.018024993,3190.22,2391.84,0,0,0,0,0,0,0,0,0,1,0,0,0,0,0,0,0,0,MI,2,9,7,2
I_696_WB_42,I_696_WB,8044.096386,70.7591039,2.731227191,0.041804498,26.68638946,5.707096523,0.243752785,0.290729863,4,1,8044.096386,70.7591039,2.731227191,0.041804498,26.68638946,5.707096523,0.243752785,8044.096386,70.7591039,2.731227191,0.041804498,26.68638946,5.707096523,0.243752785,1008.61,1238.4,0,0,0,0,0,0,0,0,0,1,0,0,0,0,0,0,0,0,MI,2,8,6,2
I_75_NE_23,I_75_NE,2643.125984,71.27727461,1.855449793,0.026590119,13.44899591,2.272695844,0.17039035,0.339667977,4,1,2643.125984,71.27727461,1.855449793,0.026590119,13.44899591,2.272695844,0.17039035,2643.125984,71.27727461,1.855449793,0.026590119,13.44899591,2.272695844,0.17039035,322.66,160.92,0,0,0,0,0,0,0,0,0,1,0,0,0,0,0,0,0,0,MI,2,2,2,0
I_75_NE_105,I_75_NE,4953.508475,41.69571796,2.871517279,0.072384241,21.19936018,5.644826442,0.243145451,0.284158221,4,1,3859.739952,39.39232457,3.177722847,0.12697673,17.09440312,5.157533761,0.345328742,4953.508475,41.69571796,2.871517279,0.072384241,21.19936018,5.644826442,0.243145451,868.02,585.9,0,0,0,0,0,0,0,0,0,1,0,0,0,0,0,0,0,0,MI,2,2,2,0
I_75_NE_129,I_75_NE,8760.043716,37.72253893,4.425297544,0.127810176,29.38376554,9.630147425,0.305795883,0.177814392,4,1,8760.043716,37.72253893,4.425297544,0.127810176,29.38376554,9.630147425,0.305795883,8760.043716,37.72253893,4.425297544,0.127810176,29.38376554,9.630147425,0.305795883,4015.91,566.46,0,0,0,0,0,0,0,0,0,1,0,0,0,0,0,0,0,0,MI,2,3,2,1
I_75_NE_140,I_75_NE,4820.528151,46.2136621,7.978377317,0.258729821,19.16190602,5.15920528,0.599162008,0.284186238,4,1,156.3347107,28.72895218,10.85811152,0.43183814,0.760832096,0.618282553,0.947299839,8780.326897,65.21754718,3.620638394,0.059899475,36.5640059,8.403904098,0.234205385,3111,935.28,0,0,0,0,0,0,0,0,0,1,0,0,0,0,0,0,0,0,MI,2,2,0,2
I_75_SW_385,I_75_SW,6072.869048,58.57683088,2.570617858,0.045459581,27.88702935,5.110182378,0.19361614,0.273911388,4,1,8124.695841,59.14024947,4.245887589,0.076184702,37.78408686,8.610935792,0.225546201,7415.508264,65.14237367,6.247280158,0.103243606,24.66454478,7.640554187,0.30839382,889.1,3298.32,0,0,0,0,0,0,0,0,0,1,0,0,0,0,0,0,0,0,MI,2,2,2,0
I_75_SW_501,I_75_SW,2444.062992,68.90635199,1.723398672,0.026210524,11.65186042,2.370366948,0.199000431,0.365347375,4,1,2444.062992,68.90635199,1.723398672,0.026210524,11.65186042,2.370366948,0.199000431,2444.062992,68.90635199,1.723398672,0.026210524,11.65186042,2.370366948,0.199000431,160.65,327.06,0,0,0,0,0,0,0,0,0,1,0,0,0,0,0,0,0,0,MI,2,3,2,1
I_94_NE_389,I_94_NE,6302.405738,54.15822552,10.31745879,0.206027234,44.39783431,16.93976673,0.380946035,0.276750536,4,1,6302.405738,54.15822552,10.31745879,0.206027234,44.39783431,16.93976673,0.380946035,5623.684492,49.18434285,7.129793584,0.151246084,28.67929924,9.794311864,0.284136752,3471.4,1047.42,0,0,0,0,0,0,0,0,0,1,0,0,0,0,0,0,0,0,MI,2,8,8,0
I_94_NE_391,I_94_NE,5623.684492,49.18434285,7.129793584,0.151246084,28.67929924,9.794311864,0.284136752,0.126323833,4,1,5963.045115,51.67128418,8.723626187,0.178636659,36.53856677,13.3670393,0.332541394,5623.684492,49.18434285,7.129793584,0.151246084,28.67929924,9.794311864,0.284136752,3471.4,1047.42,0,0,0,0,0,0,0,0,0,1,0,0,0,0,0,0,0,0,MI,2,5,5,0
I_94_NE_403,I_94_NE,7538.190041,52.99142307,4.713104732,0.092867566,34.49231013,6.788623075,0.186976086,0.404900715,4,1,5135.394712,50.32118777,4.578796243,0.093722431,23.62404995,5.912879617,0.261900472,7990.743719,47.31918336,3.98112084,0.087467378,34.10659676,4.362696235,0.133139205,3471.4,1047.42,0,0,0,0,0,0,0,0,0,1,0,0,0,0,0,0,0,0,MI,2,6,4,2
I_94_NE_407,I_94_NE,3429.415596,44.41844259,3.31372932,0.071771469,11.80073808,3.07353697,0.223830168,0.264123292,4,1,4382.096386,53.62516045,5.374939407,0.108898438,15.51305065,5.084414935,0.278274216,2476.734807,35.21172474,1.252519232,0.034644501,8.088425512,1.062659005,0.169386121,3471.4,1047.42,0,0,0,0,0,0,0,0,0,1,0,0,0,0,0,0,0,0,MI,2,1,1,0
I_94_NE_418,I_94_NE,7052.351955,52.68964344,7.464443329,0.169254739,34.72579851,9.534543943,0.240879783,0.274693238,4,1,7587.93514,50.54033189,8.092235421,0.186237348,37.07129679,9.633245845,0.239324008,7052.351955,52.68964344,7.464443329,0.169254739,34.72579851,9.534543943,0.240879783,3471.4,1047.42,0,0,0,0,0,0,0,0,0,1,0,0,0,0,0,0,0,0,MI,2,1,1,0
I_94_NE_436,I_94_NE,3913.400765,66.98451126,2.318284377,0.036997429,11.76340316,2.361843942,0.236966302,0.285864991,4,1,3852.923077,65.60101406,2.4153494,0.039329852,10.8715039,2.291333879,0.238465322,3973.878453,68.36800846,2.221219353,0.034665007,12.65530243,2.432354004,0.235467281,3471.4,1047.42,0,0,0,0,0,0,0,0,0,1,0,0,0,0,0,0,0,0,MI,2,1,1,0
I_94_NE_439,I_94_NE,3973.878453,68.36800846,2.221219353,0.034665007,12.65530243,2.432354004,0.235467281,0.274553089,4,1,3973.878453,68.36800846,2.221219353,0.034665007,12.65530243,2.432354004,0.235467281,3973.878453,68.36800846,2.221219353,0.034665007,12.65530243,2.432354004,0.235467281,3471.4,1047.42,0,0,0,0,0,0,0,0,0,1,0,0,0,0,0,0,0,0,MI,2,3,3,0
I_94_SW_102,I_94_SW,5584.828369,58.23389533,7.821404245,0.157063396,23.38655699,9.252301632,0.31114235,0.282556266,4,1,5888.55618,59.28867285,6.973856738,0.134294514,22.13615296,8.218315586,0.289074866,5281.100559,57.17911781,8.668951751,0.179832277,24.63696102,10.28628768,0.333209834,1358.81,1349.1,0,0,0,0,0,0,0,0,0,1,0,0,0,0,0,0,0,0,MI,2,4,4,0
I_94_SW_119,I_94_SW,4524.517641,64.38400603,2.211345163,0.034922706,15.7318661,2.747050711,0.203827782,0.285107314,4,1,4929.794444,66.79089101,1.897461254,0.028959271,19.6087075,3.101257023,0.191145363,4119.240838,61.97712105,2.525229072,0.040886141,11.85502471,2.392844399,0.216510202,349.52,601.02,0,0,0,0,0,0,0,0,0,1,0,0,0,0,0,0,0,0,MI,2,8,7,1
I_94_SW_132,I_94_SW,6612.700535,52.87750138,3.365899795,0.068575769,21.73981488,3.718213156,0.166701648,0.16781188,4,1,6199.023634,53.18546174,3.03433867,0.060145495,24.28463801,3.719869552,0.156801913,6612.700535,52.87750138,3.365899795,0.068575769,21.73981488,3.718213156,0.166701648,732.19,2953.08,0,0,0,0,0,0,0,0,0,1,0,0,0,0,0,0,0,0,MI,2,3,3,0
I_94_SW_141,I_94_SW,6853.278027,53.44212378,4.669128226,0.097003451,24.51219315,7.66212609,0.289400154,0.145476504,4,1,6853.278027,53.44212378,4.669128226,0.097003451,24.51219315,7.66212609,0.289400154,6853.278027,53.44212378,4.669128226,0.097003451,24.51219315,7.66212609,0.289400154,2104.6,342.18,0,0,0,0,0,0,0,0,0,1,0,0,0,0,0,0,0,0,MI,2,3,2,1
I_94_SW_145,I_94_SW,6318.417112,50.20942538,3.121008612,0.063804199,23.15410109,3.921917092,0.153543247,0.286595524,4,1,6318.417112,50.20942538,3.121008612,0.063804199,23.15410109,3.921917092,0.153543247,9021.04878,58.12928646,5.994517544,0.107099556,53.2670792,10.61616921,0.210395327,199.41,797.22,0,0,0,0,0,0,0,0,0,1,0,0,0,0,0,0,0,0,MI,2,5,4,1
I_94_SW_147,I_94_SW,9021.04878,58.12928646,5.994517544,0.107099556,53.2670792,10.61616921,0.210395327,0.309088514,4,1,7669.732946,54.16935592,4.557763078,0.085451878,38.21059014,7.269043152,0.181969287,9021.04878,58.12928646,5.994517544,0.107099556,53.2670792,10.61616921,0.210395327,199.41,797.22,0,0,0,0,0,0,0,0,0,1,0,0,0,0,0,0,0,0,MI,2,7,6,1
I_96_ES_278,I_96_ES,9516.406452,60.46959942,5.119956108,0.090524429,33.99217726,9.350877598,0.294865282,0.28425551,4,1,9516.406452,60.46959942,5.119956108,0.090524429,33.99217726,9.350877598,0.294865282,8241.449074,51.91685313,3.688184267,0.075377553,17.92104993,5.324817531,0.327479909,1894.48,1169.1,0,0,0,0,0,0,0,0,0,1,0,0,0,0,0,0,0,0,MI,2,0,0,0
I_96_ES_280,I_96_ES,8241.449074,51.91685313,3.688184267,0.075377553,17.92104993,5.324817531,0.327479909,0.148158329,4,1,9516.406452,60.46959942,5.119956108,0.090524429,33.99217726,9.350877598,0.294865282,8241.449074,51.91685313,3.688184267,0.075377553,17.92104993,5.324817531,0.327479909,1894.48,1169.1,0,0,0,0,0,0,0,0,0,1,0,0,0,0,0,0,0,0,MI,2,0,0,0
I_96_ES_303,I_96_ES,8617.122699,62.24662352,6.387859341,0.112824186,23.77660583,7.435691432,0.274833191,0.246311889,4,1,8617.122699,62.24662352,6.387859341,0.112824186,23.77660583,7.435691432,0.274833191,8136.121951,69.06753152,5.726755408,0.088521509,31.87896427,7.146448607,0.185983348,1542.75,2130.3,0,0,0,0,0,0,0,0,0,1,0,0,0,0,0,0,0,0,MI,2,4,3,1
I_96_ES_305,I_96_ES,8136.121951,69.06753152,5.726755408,0.088521509,31.87896427,7.146448607,0.185983348,0.1816561,4,1,8376.622325,65.65707752,6.057307375,0.100672848,27.82778505,7.291070019,0.23040827,8136.121951,69.06753152,5.726755408,0.088521509,31.87896427,7.146448607,0.185983348,1542.75,2130.3,0,0,0,0,0,0,0,0,0,1,0,0,0,0,0,0,0,0,MI,2,4,4,0
I_96_ES_313,I_96_ES,1806.897959,54.05969383,4.835049823,0.085586435,9.091345427,2.486112566,0.281775467,0.284057504,4,1,1806.897959,54.05969383,4.835049823,0.085586435,9.091345427,2.486112566,0.281775467,1806.897959,54.05969383,4.835049823,0.085586435,9.091345427,2.486112566,0.281775467,1119.45,2669.94,0,0,0,0,0,0,0,0,0,1,0,0,0,0,0,0,0,0,MI,2,5,3,2
I_96_ES_333,I_96_ES,8196.385057,73.85805359,5.234561237,0.078377769,29.48166783,10.59417484,0.366660006,0.266522937,4,1,8196.385057,73.85805359,5.234561237,0.078377769,29.48166783,10.59417484,0.366660006,8196.385057,73.85805359,5.234561237,0.078377769,29.48166783,10.59417484,0.366660006,307.02,383.94,0,0,0,0,0,0,0,0,0,1,0,0,0,0,0,0,0,0,MI,2,0,0,0
I_96_ES_335,I_96_ES,8196.385057,73.85805359,5.234561237,0.078377769,29.48166783,10.59417484,0.366660006,0.124212098,4,1,8196.385057,73.85805359,5.234561237,0.078377769,29.48166783,10.59417484,0.366660006,7728.723779,71.63266036,5.641850636,0.087630783,28.35468048,10.84966863,0.373891059,307.02,383.94,0,0,0,0,0,0,0,0,0,1,0,0,0,0,0,0,0,0,MI,2,1,1,0
I_96_WN_2,I_96_WN,6522.966942,63.16496971,6.292704469,0.10720075,25.39059847,13.66332056,0.529385916,0.284068813,4,1,6522.966942,63.16496971,6.292704469,0.10720075,25.39059847,13.66332056,0.529385916,6522.966942,63.16496971,6.292704469,0.10720075,25.39059847,13.66332056,0.529385916,532.78,294.3,0,0,0,0,0,0,0,0,0,1,0,0,0,0,0,0,0,0,MI,2,1,1,0
I_96_WN_18,I_96_WN,8196.385057,73.85805359,5.234561237,0.078377769,29.48166783,10.59417484,0.366660006,0.285024521,4,1,7728.723779,71.63266036,5.641850636,0.087630783,28.35468048,10.84966863,0.373891059,8196.385057,73.85805359,5.234561237,0.078377769,29.48166783,10.59417484,0.366660006,328.44,268.38,0,0,0,0,0,0,0,0,0,1,0,0,0,0,0,0,0,0,MI,2,0,0,0
I_96_WN_49,I_96_WN,8136.121951,69.06753152,5.726755408,0.088521509,31.87896427,7.146448607,0.185983348,0.469216934,4,1,8136.121951,69.06753152,5.726755408,0.088521509,31.87896427,7.146448607,0.185983348,8617.122699,62.24662352,6.387859341,0.112824186,23.77660583,7.435691432,0.274833191,1762.9,1560.06,0,0,0,0,0,0,0,0,0,1,0,0,0,0,0,0,0,0,MI,2,2,1,1
I_96_WN_72,I_96_WN,5032.429224,39.6810001,4.876663492,0.132158185,12.70587916,6.152831671,0.530261518,0.394874254,4,1,5032.429224,39.6810001,4.876663492,0.132158185,12.70587916,6.152831671,0.530261518,8241.449074,51.91685313,3.688184267,0.075377553,17.92104993,5.324817531,0.327479909,877.37,622.98,0,0,0,0,0,0,0,0,0,1,0,0,0,0,0,0,0,0,MI,2,0,0,0
I_96_WN_76,I_96_WN,8878.927763,56.19322628,4.404070188,0.082950991,25.95661359,7.337847565,0.311172596,0.284756788,4,1,8241.449074,51.91685313,3.688184267,0.075377553,17.92104993,5.324817531,0.327479909,9516.406452,60.46959942,5.119956108,0.090524429,33.99217726,9.350877598,0.294865282,1161.78,1912.5,0,0,0,0,0,0,0,0,0,1,0,0,0,0,0,0,0,0,MI,2,0,0,0
JCL_SE_15,JCL_SE,3725.961957,65.83870962,9.332556448,0.162733518,15.14015572,6.809378957,0.506588206,0.21435927,4,1,3725.961957,65.83870962,9.332556448,0.162733518,15.14015572,6.809378957,0.506588206,3725.961957,65.83870962,9.332556448,0.162733518,15.14015572,6.809378957,0.506588206,859.35,933.66,0,0,0,0,0,0,0,0,0,1,0,0,0,0,0,0,0,0,MI,2,1,0,1
M_39_NB_10,M_39_NB,9882.322034,58.42245767,5.630997708,0.102505643,38.84058729,13.49939051,0.379543549,0.186875677,4,1,9882.322034,58.42245767,5.630997708,0.102505643,38.84058729,13.49939051,0.379543549,9882.322034,58.42245767,5.630997708,0.102505643,38.84058729,13.49939051,0.379543549,1318.86,305.64,0,0,0,0,0,0,0,0,0,1,0,0,0,0,0,0,0,0,MI,2,0,0,0
M_39_SB_35,M_39_SB,8693.824034,53.23079231,2.260690832,0.047265714,33.55156569,6.364292821,0.223720028,0.388215288,4,1,8693.824034,53.23079231,2.260690832,0.047265714,33.55156569,6.364292821,0.223720028,6357.949153,38.56792498,1.811295584,0.050783464,18.69737117,4.370044371,0.291211267,1563.66,2043.36,0,0,0,0,0,0,0,0,0,1,0,0,0,0,0,0,0,0,MI,2,2,2,0
M_39_SB_38,M_39_SB,6357.949153,38.56792498,1.811295584,0.050783464,18.69737117,4.370044371,0.291211267,0.264491216,4,1,6357.949153,38.56792498,1.811295584,0.050783464,18.69737117,4.370044371,0.291211267,6357.949153,38.56792498,1.811295584,0.050783464,18.69737117,4.370044371,0.291211267,2286.84,1391.76,0,0,0,0,0,0,0,0,0,1,0,0,0,0,0,0,0,0,MI,2,0,0,0
OR_569_SW_5,OR_569_SW,9045.481013,63.44480549,1.251999774,0.020243335,9.395476413,2.342382791,0.247827584,0.284251553,4,1,9045.481013,63.44480549,1.251999774,0.020243335,9.395476413,2.342382791,0.247827584,6105.501154,61.96479817,1.371122245,0.022929019,7.108111028,1.847477474,0.273814436,2873,1458,0,0,0,0,0,0,0,0,0,0,0,1,0,0,0,0,0,0,OR,3,1,0,1
OR_569_SW_7,OR_569_SW,6105.501154,61.96479817,1.371122245,0.022929019,7.108111028,1.847477474,0.273814436,0.138755556,4,1,9045.481013,63.44480549,1.251999774,0.020243335,9.395476413,2.342382791,0.247827584,3165.521295,60.48479084,1.490244715,0.025614702,4.820745643,1.352572157,0.299801288,2873,1458,0,0,0,0,0,0,0,0,0,0,0,1,0,0,0,0,0,0,OR,3,0,0,0
OR_569_SW_15,OR_569_SW,3938.523748,59.05280315,1.996764392,0.03437022,5.557478978,1.59534816,0.315049191,0.300063912,4,1,3084.392857,60.52314608,2.176547292,0.036956655,4.058491035,1.18123435,0.321607288,4792.654639,57.58246021,1.816981492,0.031783784,7.056466922,2.00946197,0.308491094,1207,2070,0,0,0,0,0,0,0,0,0,0,0,1,0,0,0,0,0,0,OR,3,1,0,1
OR_569_SW_25,OR_569_SW,4405.977816,63.4218286,1.403848144,0.022349444,8.136829863,2.637472505,0.316197275,0.130230183,4,1,4405.977816,63.4218286,1.403848144,0.022349444,8.136829863,2.637472505,0.316197275,4405.977816,63.4218286,1.403848144,0.022349444,8.136829863,2.637472505,0.316197275,272,1008,0,0,0,0,0,0,0,0,0,0,0,1,0,0,0,0,0,0,OR,3,0,0,0
OR_569_NE_8,OR_569_NE,5095.831058,56.80631962,8.065894189,0.158529481,10.93474978,6.065673477,0.485796603,0.153805658,4,1,5095.831058,56.80631962,8.065894189,0.158529481,10.93474978,6.065673477,0.485796603,5095.831058,56.80631962,8.065894189,0.158529481,10.93474978,6.065673477,0.485796603,952,324,0,0,0,0,0,0,0,0,0,0,0,1,0,0,0,0,0,0,OR,3,12,4,8
OR_569_NE_19,OR_569_NE,5169.014745,54.13182361,5.502645936,0.114170229,9.522185552,3.865338251,0.380794682,0.284041317,4,1,6609.056701,49.12566672,8.93679101,0.19317559,13.70698674,6.27669295,0.457846752,3728.972789,59.1379805,2.068500861,0.035164867,5.337384359,1.453983552,0.303742612,544,3240,0,0,0,0,0,0,0,0,0,0,0,1,0,0,0,0,0,0,OR,3,4,0,4
OR_217_SE_3,OR_217_SE,11513.00431,52.69800781,5.840172779,0.127805595,8.898419274,4.280961616,0.388317803,0.235128079,4,1,15677.77837,53.38440132,2.014068977,0.038676521,6.676068503,1.386945593,0.223300422,7348.230254,52.0116143,9.666276582,0.216934669,11.12077005,7.174977639,0.553335185,408,846,0,0,0,0,0,0,0,0,0,0,0,1,0,0,0,0,0,0,OR,3,3,2,1
OR_217_SE_13,OR_217_SE,6756.266667,42.610562,13.26412172,0.367101579,19.4158894,8.879579284,0.45622715,0.131558302,4,1,6756.266667,42.610562,13.26412172,0.367101579,19.4158894,8.879579284,0.45622715,7105.138006,43.22146558,12.19971642,0.327495783,19.37873952,8.049333108,0.419007187,1071,540,0,0,0,0,0,0,0,0,0,0,0,1,0,0,0,0,0,0,OR,3,4,1,3
OR_217_SE_17,OR_217_SE,7826.471698,46.66963675,9.495636088,0.224326434,13.87838796,6.085549729,0.413432762,0.285242398,4,1,7640.240522,45.25100295,10.31547361,0.25610821,16.6099888,6.652318331,0.397609992,7196.816,43.43208794,12.74640549,0.338945521,18.47643893,7.840319854,0.431078846,646,1350,0,0,0,0,0,0,0,0,0,0,0,1,0,0,0,0,0,0,OR,3,8,7,1
OR_217_SE_21,OR_217_SE,7226.856,42.00434617,12.99787865,0.356906238,20.12038737,8.390064369,0.42985627,0.284166692,4,1,7196.816,43.43208794,12.74640549,0.338945521,18.47643893,7.840319854,0.431078846,7256.896,40.5766044,13.24935181,0.374866956,21.76433582,8.939808884,0.428633694,510,1134,0,0,0,0,0,0,0,0,0,0,0,1,0,0,0,0,0,0,OR,3,7,4,3
OR_217_SE_24,OR_217_SE,7874.311333,44.45556769,10.38574703,0.270075453,19.61643606,6.780866467,0.361943191,0.286541968,4,1,7256.896,40.5766044,13.24935181,0.374866956,21.76433582,8.939808884,0.428633694,8491.726667,48.33453098,7.522142251,0.16528395,17.46853631,4.621924049,0.295252687,1632,1116,0,0,0,0,0,0,0,0,0,0,0,1,0,0,0,0,0,0,OR,3,1,1,0
OR_217_NW_5,OR_217_NW,6495.355998,47.15267952,11.08385629,0.271075303,16.94178277,7.972834959,0.434282899,0.284134198,4,1,5121.543534,48.55039686,10.86206541,0.261834462,13.58225333,7.647333291,0.507133631,6666.005944,46.53927182,10.31240577,0.249731262,16.99203824,7.215698759,0.419521341,680,810,0,0,0,0,0,0,0,0,0,0,0,1,0,0,0,0,0,0,OR,3,1,0,1
OR_217_NW_13,OR_217_NW,7147.895084,45.67484604,10.4879341,0.260612071,17.4462483,6.886143773,0.399911349,0.288705104,4,1,7432.996011,48.42305193,9.11147867,0.207071653,16.65996372,5.816623951,0.358981509,6862.794157,42.92664014,11.86438952,0.31415249,18.23253287,7.955663595,0.440841189,918,1764,0,0,0,0,0,0,0,0,0,0,0,1,0,0,0,0,0,0,OR,3,4,3,1
OR_217_NW_21,OR_217_NW,8449.724867,49.88606598,8.029184911,0.172293672,14.72731994,4.390013601,0.324411029,0.263584169,4,1,8344.650266,48.57281582,8.028319312,0.178391344,14.82301636,4.520843726,0.326808455,8554.799469,51.19931615,8.03005051,0.166196,14.63162351,4.259183476,0.322013603,816,918,0,0,0,0,0,0,0,0,0,0,0,1,0,0,0,0,0,0,OR,3,6,2,4
OR_217_NW_29,OR_217_NW,6172.896103,56.22895091,1.885555497,0.035719149,7.138138854,1.514362585,0.237266943,0.309681705,4,1,5683.810414,58.55620717,1.668695342,0.029997619,7.41726577,1.413652606,0.233467262,6661.981793,53.90169466,2.102415651,0.04144068,6.859011938,1.615072564,0.241066625,561,2862,0,0,0,0,0,0,0,0,0,0,0,1,0,0,0,0,0,0,OR,3,0,0,0
I_84_SE_18,I_84_SE,8724.2868,59.84095374,2.282902241,0.039397583,7.923047895,1.83612169,0.253803007,0.273826217,4,1,9224.502171,58.48746403,2.153123761,0.038407301,8.313013441,2.16001285,0.29428021,8224.071429,61.19444346,2.412680721,0.040387866,7.53308235,1.51223053,0.213325804,1042.1,612,0,0,0,0,0,0,0,0,0,0,0,1,0,0,0,0,0,0,OR,3,3,2,1
I_84_NW_363,I_84_NW,1385.873984,62.23069467,1.608598504,0.026222384,3.478669134,0.851264214,0.25220144,0.277107253,4,1,1385.873984,62.23069467,1.608598504,0.026222384,3.478669134,0.851264214,0.25220144,3549.763052,68.29819923,1.409909195,0.022063886,4.53298481,0.798188455,0.18345188,2040,360,0,0,0,0,0,0,0,0,0,0,0,1,0,0,0,0,0,0,OR,3,1,0,1
I_84_NW_365,I_84_NW,3549.763052,68.29819923,1.409909195,0.022063886,4.53298481,0.798188455,0.18345188,0.169156153,4,1,2467.818518,65.26444695,1.50925385,0.024143135,4.005826972,0.824726334,0.21782666,3549.763052,68.29819923,1.409909195,0.022063886,4.53298481,0.798188455,0.18345188,2040,360,0,0,0,0,0,0,0,0,0,0,0,1,0,0,0,0,0,0,OR,3,0,0,0
I_84_NW_406,I_84_NW,12893.53556,36.58154897,10.1685006,0.307347004,24.99987791,6.088393134,0.246054559,0.300405199,4,1,11847.19738,36.67016978,10.45638264,0.327842289,25.93907605,7.428452586,0.294575945,13520.19764,34.89928648,9.93972475,0.30570543,23.85012488,4.863269852,0.206905126,1513,1782,0,0,0,0,0,0,0,0,0,0,0,1,0,0,0,0,0,0,OR,3,9,3,6
I_5_SB_5,I_5_SB,8259.805016,49.35339256,8.469207851,0.200849921,15.38727916,5.802340137,0.362448146,0.295682623,4,1,11965.82301,46.59097833,4.839735951,0.112491729,13.49281243,3.025415923,0.221366933,4553.787024,52.1158068,12.09867975,0.289208114,17.28174588,8.579264351,0.503529359,1394,3204,0,0,0,0,0,0,0,0,0,0,0,1,0,0,0,0,0,0,OR,3,3,1,2
I_5_SB_14,I_5_SB,8840.624529,31.66221901,9.965611828,0.367562813,24.93111705,7.106074668,0.293290688,0.16863952,4,1,8688.441176,31.15019398,10.46205276,0.401536291,25.64135555,7.374213967,0.297756276,8992.807882,32.17424404,9.469170896,0.333589335,24.22087854,6.837935368,0.288825099,731,414,0,0,0,0,0,0,0,0,0,0,0,1,0,0,0,0,0,0,OR,3,1,0,1
I_5_SB_18,I_5_SB,8992.807882,32.17424404,9.469170896,0.333589335,24.22087854,6.837935368,0.288825099,0.259401217,4,1,8992.807882,32.17424404,9.469170896,0.333589335,24.22087854,6.837935368,0.288825099,14386.81458,36.37780459,9.477015034,0.294008636,22.97177951,6.541815419,0.290977051,748,1134,0,0,0,0,0,0,0,0,0,0,0,1,0,0,0,0,0,0,OR,3,4,3,1
I_5_SB_66,I_5_SB,7779.109766,54.06608125,3.02757883,0.060042076,7.508144915,1.579323733,0.237347931,0.30625504,4,1,8484.154596,53.13212757,3.363076,0.068799919,8.191196631,1.718789426,0.2320367,7074.064935,55.00003494,2.692081659,0.051284232,6.825093199,1.439858041,0.242659162,1156,2070,0,0,0,0,0,0,0,0,0,0,0,1,0,0,0,0,0,0,OR,3,2,2,0
I_5_NB_398,I_5_NB,11231.14426,56.88172431,2.885532641,0.052329368,10.67175453,1.536239463,0.163995412,0.307439691,4,1,9711.584527,57.32545339,2.697459492,0.048637195,10.85610895,1.401554793,0.160828805,12750.704,56.43799522,3.07360579,0.056021541,10.48740011,1.670924133,0.16716202,1921,1188,0,0,0,0,0,0,0,0,0,0,0,1,0,0,0,0,0,0,OR,3,7,1,6
I_5_NB_415,I_5_NB,9747.966711,38.85825538,12.91564679,0.374586687,20.20205015,7.280058884,0.370079706,0.284236068,4,1,9747.966711,38.85825538,12.91564679,0.374586687,20.20205015,7.280058884,0.370079706,9841.39457,37.49889806,13.76036679,0.419286997,20.95967431,7.686996447,0.368044189,238,810,0,0,0,0,0,0,0,0,0,0,0,1,0,0,0,0,0,0,OR,3,10,7,3
I_5_NB_429,I_5_NB,4353.347443,61.96434907,3.109651243,0.053603835,6.489506305,1.584375587,0.25792241,0.364185022,4,1,5339.405769,54.18485912,5.02659896,0.106956529,9.770100129,3.174455503,0.31104702,4679.597108,52.2458115,7.34532829,0.175276762,10.70509731,4.733619418,0.39116769,4250,8442,0,0,0,0,0,0,0,0,0,0,0,1,0,0,0,0,0,0,OR,3,6,1,5
I_5_NB_446,I_5_NB,6612.456503,54.68711024,2.038068127,0.082711964,8.452655577,1.431741566,0.200736625,0.266632816,4,1,6316.005357,53.57113435,2.306611026,0.133283672,8.238491965,1.453349424,0.220517862,6908.907648,55.80308612,1.769525227,0.032140256,8.666819188,1.410133707,0.180955388,459,774,0,0,0,0,0,0,0,0,0,0,0,1,0,0,0,0,0,0,OR,3,3,2,1
I_5_NB_459,I_5_NB,7127.840708,54.92418227,2.545012048,0.047033348,7.029979637,1.395425733,0.19977606,0.28435074,4,1,5522.236179,59.90359506,2.473350657,0.042604047,5.450507062,1.335480514,0.272473024,7127.840708,54.92418227,2.545012048,0.047033348,7.029979637,1.395425733,0.19977606,2703,1674,0,0,0,0,0,0,0,0,0,0,0,1,0,0,0,0,0,0,OR,3,1,1,0
I_405_SE_4,I_405_SE,10312.61728,46.54035649,4.672489787,0.107311609,11.2309464,3.277798688,0.298770346,0.410885686,4,1,7072.393094,43.0038924,6.218004634,0.150971274,14.16984232,4.257253705,0.317871255,10625.30822,49.01169517,3.125057374,0.065061861,8.264974106,1.942938711,0.251139806,2533,6372,0,0,0,0,0,0,0,0,0,0,0,1,0,0,0,0,0,0,OR,3,8,1,7
I_205_SW_7,I_205_SW,9892.174842,50.52316518,4.848661858,0.104238692,11.52696616,2.335139676,0.223308074,0.304911411,4,1,10860.79014,50.55951526,6.277963558,0.136259784,12.39090372,2.734803646,0.246003443,8923.559543,50.4868151,3.419360159,0.0722176,10.6630286,1.935475706,0.200612705,2686,936,0,0,0,0,0,0,0,0,0,0,0,1,0,0,0,0,0,0,OR,3,4,1,3
I_205_SW_21,I_205_SW,9859.717404,57.99298042,3.256633814,0.060139365,7.656342216,1.782251541,0.233597264,0.284105766,4,1,9996.54195,55.44928056,4.398615689,0.084419376,11.01325923,2.692158598,0.262826168,9722.892857,60.53668028,2.114651939,0.035859354,4.2994252,0.872344484,0.204368361,1479,3186,0,0,0,0,0,0,0,0,0,0,0,1,0,0,0,0,0,0,OR,3,3,2,1
I_205_SW_43,I_205_SW,7579.200763,62.65585705,2.483157471,0.041746899,7.844006601,1.472779759,0.234671758,0.392149342,4,1,8573.581673,60.19939218,2.480030804,0.042899472,9.828654798,1.721176724,0.194740121,6584.819853,65.11232191,2.486284137,0.040594326,5.859358403,1.224382795,0.274603394,1241,2034,0,0,0,0,0,0,0,0,0,0,0,1,0,0,0,0,0,0,OR,3,1,1,0
I_205_SW_54,I_205_SW,8185.613032,42.0620337,10.4738674,0.314704676,16.15859933,7.832262155,0.441999895,0.282918982,4,1,8185.613032,42.0620337,10.4738674,0.314704676,16.15859933,7.832262155,0.441999895,7689.44,39.60119872,12.94980327,0.408351022,17.89157604,7.413805898,0.400149354,1819,4374,0,0,0,0,0,0,0,0,0,0,0,1,0,0,0,0,0,0,OR,3,8,2,6
I_205_SW_56,I_205_SW,7689.44,39.60119872,12.94980327,0.408351022,17.89157604,7.413805898,0.400149354,0.186497404,4,1,7689.44,39.60119872,12.94980327,0.408351022,17.89157604,7.413805898,0.400149354,7156.171463,39.65038566,13.432799,0.426391258,19.12446624,8.289345936,0.425505167,1819,4374,0,0,0,0,0,0,0,0,0,0,0,1,0,0,0,0,0,0,OR,3,9,2,7
I_205_NE_22,I_205_NE,5185.730447,56.64054044,4.690928405,0.087262624,8.831580425,3.283875993,0.357141142,0.284061647,4,1,5185.730447,56.64054044,4.690928405,0.087262624,8.831580425,3.283875993,0.357141142,5185.730447,56.64054044,4.690928405,0.087262624,8.831580425,3.283875993,0.357141142,595,1206,0,0,0,0,0,0,0,0,0,0,0,1,0,0,0,0,0,0,OR,3,0,0,0
I_205_NE_26,I_205_NE,7356.830667,52.95858402,6.527284663,0.126752895,4.386056776,0.985415597,0.225457974,0.171308212,4,1,7356.830667,52.95858402,6.527284663,0.126752895,4.386056776,0.985415597,0.225457974,7356.830667,52.95858402,6.527284663,0.126752895,4.386056776,0.985415597,0.225457974,2465,1854,0,0,0,0,0,0,0,0,0,0,0,1,0,0,0,0,0,0,OR,3,1,1,0
I_205_NE_65,I_205_NE,11990.52846,61.97225272,4.344360148,0.073039197,9.920899365,2.100268347,0.210527415,0.288610114,4,1,10364.42334,57.2424244,4.861555434,0.097398743,13.06527391,3.482327232,0.247927912,10060.12834,62.28071885,6.362797363,0.107862763,9.938199169,2.497153628,0.250529715,2720,594,0,0,0,0,0,0,0,0,0,0,0,1,0,0,0,0,0,0,OR,3,9,4,5
I_205_NE_70,I_205_NE,9174.981763,60.12920024,2.120279847,0.035990895,8.464796767,1.602708501,0.212498874,0.300557134,4,1,9174.981763,60.12920024,2.120279847,0.035990895,8.464796767,1.602708501,0.212498874,13079.93304,61.23547811,1.78663379,0.030004622,7.387984575,1.545275856,0.229674453,2074,2736,0,0,0,0,0,0,0,0,0,0,0,1,0,0,0,0,0,0,OR,3,1,0,1
I_395_NE_5,I_395_NE,6115.645153,41.07139365,11.23360511,0.327603207,16.87396258,8.241907134,0.469179903,0.251264381,4,1,6598.948819,43.50540267,9.657817466,0.25192984,17.51128635,7.072279609,0.393557599,3231.101955,53.32248498,7.243714849,0.191819531,8.169112601,3.838534021,0.446740491,1877.99,545.76,0,0,0,0,0,0,0,0,0,0,0,0,0,1,0,0,0,0,VA,2,1,1,0
I_395_NE_7,I_395_NE,3231.101955,53.32248498,7.243714849,0.191819531,8.169112601,3.838534021,0.446740491,0.175948091,4,1,6321.203911,40.76996997,10.89756943,0.329144029,16.3382252,7.677068043,0.446740491,508.1666667,59.51084267,3.233681378,0.055634243,0.978023937,0.41212699,0.932909586,1877.99,545.76,0,0,0,0,0,0,0,0,0,0,0,0,0,1,0,0,0,0,VA,2,3,1,2
I_464_NB_2,I_464_NB,6470.40396,64.46314366,0.520690042,0.008515803,5.625691784,0.536360104,0.067415675,0.263223666,4,1,6470.40396,64.46314366,0.520690042,0.008515803,5.625691784,0.536360104,0.067415675,6470.40396,64.46314366,0.520690042,0.008515803,5.625691784,0.536360104,0.067415675,1947.01,1326.96,0,0,0,0,0,0,0,0,0,0,0,0,0,1,0,0,0,0,VA,2,0,0,0
I_464_NB_4,I_464_NB,6470.40396,64.46314366,0.520690042,0.008515803,5.625691784,0.536360104,0.067415675,0.15350075,4,1,6470.40396,64.46314366,0.520690042,0.008515803,5.625691784,0.536360104,0.067415675,5877.568317,65.52888462,0.642697949,0.010288485,5.55129272,0.679060878,0.085500474,1947.01,1326.96,0,0,0,0,0,0,0,0,0,0,0,0,0,1,0,0,0,0,VA,2,0,0,0
I_64_PartB_NW_67,I_64_PartB_NW,8842.642857,63.7405786,0.254067808,0.00534942,6.207096187,0.171523682,0.023554874,0.309109379,4,1,10416.39371,65.46112907,1.783933729,0.036710048,8.931950251,0.967177655,0.073555611,8842.642857,63.7405786,0.254067808,0.00534942,6.207096187,0.171523682,0.023554874,554.54,1217.34,0,0,0,0,0,0,0,0,0,0,0,0,0,1,0,0,0,0,VA,2,7,4,3
I_95_NB_67,I_95_NB,2162.509479,70.05721138,1.082099177,0.015601786,2.555000859,0.625840687,0.250464011,0.168504107,4,1,2154.463455,70.36527023,1.152280399,0.016813279,2.496709929,0.621673654,0.252883688,2162.509479,70.05721138,1.082099177,0.015601786,2.555000859,0.625840687,0.250464011,156.4,169.38,0,0,0,0,0,0,0,0,0,0,0,0,0,1,0,0,0,0,VA,2,0,0,0
I_95_SB_190,I_95_SB,11198.1783,55.10931223,4.268178651,0.080678243,11.52651559,3.426439301,0.283005787,0.211886505,4,1,8735.984513,57.34295827,3.473595292,0.063480791,10.32119744,2.932909124,0.267049013,13660.37209,52.8756662,5.062762011,0.097875695,12.73183375,3.919969479,0.298962561,3985.48,606.06,0,0,0,0,0,0,0,0,0,0,0,0,0,1,0,0,0,0,VA,2,12,9,3
I_94_Part2_W_6,I_94_Part2_W,12690.02315,48.89121962,13.37740805,0.310200417,8.221015291,4.923746752,0.561068231,0.148365472,4,1,12453.72785,51.80780337,11.55957143,0.246634926,7.315041553,4.140121534,0.530125758,12926.31845,45.97463587,15.19524468,0.373765907,9.126989029,5.70737197,0.592010704,1182.86,817.02,0,0,0,0,0,0,0,0,0,0,0,0,0,0,0,0,1,0,WI,3,8,8,0
I_94_Part2_W_16,I_94_Part2_W,14887.54156,55.86650712,8.740116837,0.165907778,16.21480089,5.927929583,0.365929777,0.122220642,4,1,14887.54156,55.86650712,8.740116837,0.165907778,16.21480089,5.927929583,0.365929777,14887.54156,55.86650712,8.740116837,0.165907778,16.21480089,5.927929583,0.365929777,1093.78,1510.02,0,0,0,0,0,0,0,0,0,0,0,0,0,0,0,0,1,0,WI,3,2,2,0
I_94_Part2_W_54,I_94_Part2_W,6994.997608,65.00571566,3.224821638,0.050270759,4.09811544,0.943859935,0.231582714,0.284036643,4,1,6054.074201,63.70867436,3.773550154,0.05993763,2.976410261,0.708805229,0.25574313,7817.056496,73.49892111,2.828818352,0.039987391,3.896506309,0.902345801,0.232871874,1539.69,1460.16,0,0,0,0,0,0,0,0,0,0,0,0,0,0,0,0,1,0,WI,3,5,4,1
I_94_Part2_E_87,I_94_Part2_E,13388.00916,72.75603643,7.461313951,0.113261465,8.175828011,2.8385261,0.324076459,0.284037017,4,1,15174.94505,78.6531128,7.581423392,0.106361432,7.501369416,2.957560629,0.352442285,11601.07326,66.85896005,7.34120451,0.120161497,8.850286607,2.719491572,0.295710634,7344.51,1812.24,0,0,0,0,0,0,0,0,0,0,0,0,0,0,0,0,1,0,WI,3,14,10,4
I_94_Part2_E_90,I_94_Part2_E,11601.07326,66.85896005,7.34120451,0.120161497,8.850286607,2.719491572,0.295710634,0.291103954,4,1,11601.07326,66.85896005,7.34120451,0.120161497,8.850286607,2.719491572,0.295710634,11344.92784,68.39919128,8.619604229,0.141317884,5.659187402,2.083790331,0.341754066,1335.86,1393.38,0,0,0,0,0,0,0,0,0,0,0,0,0,0,0,0,1,0,WI,3,13,11,2
I_94_Part2_E_125,I_94_Part2_E,9629.070136,41.49865066,13.19692873,0.416928792,29.3164966,11.26655068,0.45197582,0.284405329,4,1,9934.43895,40.25514585,13.01918405,0.397243735,21.31445164,8.460869908,0.431707018,9629.070136,41.49865066,13.19692873,0.416928792,29.3164966,11.26655068,0.45197582,1390.09,1189.8,0,0,0,0,0,0,0,0,0,0,0,0,0,0,0,0,1,0,WI,3,9,9,0
I_94_Part2_E_130,I_94_Part2_E,12316.2002,37.20759873,11.14342246,0.338124844,20.1024923,6.500299973,0.347838605,0.255587419,4,1,11249.95105,40.61685056,10.33519072,0.288926989,25.47630477,7.488175323,0.332191,13382.44936,33.7983469,11.9516542,0.387322698,14.72867983,5.512424624,0.363486209,1548.7,898.56,0,0,0,0,0,0,0,0,0,0,0,0,0,0,0,0,1,0,WI,3,15,14,1
I_94_Part2_E_142,I_94_Part2_E,12233.7136,46.71708914,9.22708034,0.207811013,10.28913045,3.333289276,0.365120407,0.398485602,4,1,13040.9519,52.93013078,11.21291256,0.228103658,10.62603016,3.443805627,0.325130008,18059.55735,51.48063766,5.006767589,0.117274194,9.881614351,2.539121803,0.297783606,889.27,1068.84,0,0,0,0,0,0,0,0,0,0,0,0,0,0,0,0,1,0,WI,3,6,4,2
I_94_Part2_E_146,I_94_Part2_E,17431.51619,53.66001391,2.544781856,0.049181082,9.65092116,1.827576444,0.185789106,0.454919117,4,1,21062.0778,58.05862087,2.658534457,0.048105551,9.730959563,1.841523563,0.188122756,14732.02011,63.09166112,2.187846843,0.036307176,7.39413416,1.349664132,0.182619425,1526.09,127.26,0,0,0,0,0,0,0,0,0,0,0,0,0,0,0,0,1,0,WI,3,25,21,4
I_43_Part1_S_72,I_43_Part1_S,10542.65714,67.07275949,2.057522448,0.031523284,16.03897205,2.704612779,0.176376004,0.26254462,4,1,10542.65714,67.07275949,2.057522448,0.031523284,16.03897205,2.704612779,0.176376004,13239.80211,62.48873739,1.85948319,0.030375706,17.70042803,2.826378188,0.179218362,1993.25,704.88,0,0,0,0,0,0,0,0,0,0,0,0,0,0,0,0,1,0,WI,3,6,5,1
I_43_Part1_S_76,I_43_Part1_S,12315.25759,56.27719672,1.910439778,0.034857444,12.1468221,1.95014201,0.194937344,0.261615877,4,1,15936.94708,57.90471529,1.661443933,0.029228128,19.36188401,2.948143598,0.182060721,8693.568093,54.64967815,2.159435622,0.04048676,4.931760201,0.952140423,0.207813967,477.02,584.46,0,0,0,0,0,0,0,0,0,0,0,0,0,0,0,0,1,0,WI,3,5,3,2
I_43_Part1_S_87,I_43_Part1_S,8464.934307,62.62005418,3.281135136,0.056706976,4.016277101,0.753139865,0.185358299,0.284599285,4,1,7665.534772,58.4474179,3.027965273,0.054803691,4.207963572,0.904560965,0.215078284,8464.934307,62.62005418,3.281135136,0.056706976,4.016277101,0.753139865,0.185358299,1278.74,1718.28,0,0,0,0,0,0,0,0,0,0,0,0,0,0,0,0,1,0,WI,3,2,0,2
I_43_Part1_N_16,I_43_Part1_N,33767.04772,44.93860269,4.617413507,0.120135239,10.28971641,2.895248878,0.294054969,0.276596486,4,1,23239.71293,43.79996434,5.264619533,0.145070057,9.20821745,2.660970604,0.318291208,33278.98543,46.83518902,4.131475165,0.095096412,10.90076746,3.226941177,0.291112796,686.63,740.88,0,0,0,0,0,0,0,0,0,0,0,0,0,0,0,0,1,0,WI,3,12,9,3
I_41_Part2_N_90,I_41_Part2_N,14549.3213,55.94804239,4.727327978,0.096995998,9.840379392,2.986813366,0.284144176,0.284085005,4,1,12366.44771,46.91440139,7.014319569,0.154453292,12.83675182,3.719713561,0.289992797,16732.1949,64.98168338,2.440336387,0.039538704,6.844006959,2.253913171,0.278295556,1741.48,708.66,0,0,0,0,0,0,0,0,0,0,0,0,0,0,0,0,1,0,WI,3,3,3,0
I_39_S_77,I_39_S,2209.207081,69.2629921,2.982631617,0.044773007,25.70660301,5.504613118,0.25057207,0.285351187,4,1,1945.185714,71.83094688,1.959598242,0.027368469,21.23565543,4.386133625,0.258070718,2473.228448,66.69503731,4.005664993,0.062177546,30.17755059,6.623092612,0.243073422,1131.35,2300.76,0,0,0,0,0,0,0,0,0,0,0,0,0,0,0,0,1,0,WI,3,1,1,0
I_39_N_25,I_39_N,6426.001527,69.32410985,2.361749464,0.034759826,33.76305005,5.698961473,0.183093833,0.413226455,4,1,6426.001527,69.32410985,2.361749464,0.034759826,33.76305005,5.698961473,0.183093833,6520.367568,68.79097333,1.945434231,0.02894657,25.89332216,4.274974543,0.16744805,522.58,1027.8,0,0,0,0,0,0,0,0,0,0,0,0,0,0,0,0,1,0,WI,3,3,1,2
